timestamp,cookie_id
1761962267,4217174943
1761963081,8581188253
1761963196,2693232025
1761967692,8905731989
1761969083,2071156755
1761969362,1320160582
1761974207,8108851120
1761974713,4532578601
1761977978,6414481930
1761979142,7048447933
1761979884,4970796029
1761980941,8473431288
1761986084,5847334226
1761990735,222433913
1761991216,9554597531
1761992468,5259668964
1761993316,964433388
1761993576,9270066306
1761995305,2070912951
1761995306,7779303938
1761996499,1334990381
1762002189,8726557565
1762002258,9438228731
1762002290,3461243700
1762003225,2016649217
1762005010,9156827594
1762008977,8611464785
1762011038,2843667778
1762011354,7331215946
1762011935,6055410297
1762012153,8751879875
1762021596,2550059612
1762023603,1136455488
1762024038,7583037237
1762024909,8154820349
1762024983,465397826
1762025048,1327443078
1762025828,5476893732
1762027516,8705111490
1762029101,2880523762
1762029228,3594894913
1762029755,5048786784
1762030260,9138057668
1762030693,9166938539
1762031001,3798781666
1762031890,2036826069
1762031916,6616368567
1762034478,3746038484
1762035003,7322534581
1762038578,1922746765
1762040628,5810074145
1762042847,2529114124
1762043490,7159225464
1762043716,5065252358
1762044011,665955021
1762044315,2659301908
1762045191,5685254736
1762045615,665955022
1762046621,2998154106
1762047032,298922021
1762047664,464879254
1762048808,7294371279
1762053039,5478472172
1762053891,5864144683
1762054645,8163289142
1762056564,4444483727
1762059999,9856052984
1762061959,4467296297
1762071642,5414416530
1762074241,6048603884
1762074680,7891555914
1762076435,1083555113
1762077398,3173415432
1762078183,83311215
1762080549,7162468806
1762082180,5452047281
1762082188,4999203341
1762083038,8257937440
1762083479,893068384
1762087171,7171986999
1762089194,4982602343
1762089957,8471997293
1762089985,6990083782
1762093706,5014791783
1762094994,4067559633
1762095875,7777450264
1762097452,2222113351
1762101091,7828995097
1762102841,5757965873
1762104013,3309717514
1762105490,7115568078
1762114891,7561110675
1762118144,216215346
1762119463,1088302233
1762120206,5128896069
1762120809,4141755246
1762121690,4893196284
1762121877,2834474430
1762123373,5836322610
1762123831,2662518582
1762125684,4867780762
1762128245,4006800654
1762130647,33122218
1762132022,3244729969
1762132565,363145972
1762134132,5798810350
1762137129,4175155538
1762138147,7458848925
1762138217,710339909
1762141186,5780484359
1762144869,1002833621
1762145902,746700679
1762146342,5606754139
1762148437,8873369996
1762151294,1693307218
1762151739,2019146982
1762152306,8985863373
1762154453,8984609974
1762157367,812607194
1762158038,725006775
1762158471,4508940735
1762159800,5103221509
1762163017,3138980428
1762164520,1939191150
1762165231,2810836189
1762166189,7060533069
1762172906,3332150396
1762175093,3102842445
1762175653,195731800
1762177329,9578745562
1762184101,4983520025
1762188819,6596225063
1762191902,5610641568
1762194109,9115313477
1762194262,4654823039
1762194579,816331073
1762194919,6917975229
1762196067,1322006180
1762196174,9887219490
1762197755,5100076117
1762198691,4656057898
1762201413,7772585039
1762203169,2117619915
1762204234,1894138818
1762204754,9462933950
1762205726,488714065
1762206037,4809880678
1762206417,1399938582
1762206898,5587503053
1762207538,2888083364
1762208702,8262933089
1762212619,5286610489
1762213090,8037797478
1762214002,1242418169
1762216079,2642466279
1762216876,3576225382
1762218774,3334846445
1762221909,9778910388
1762222514,6315662207
1762223321,4215627825
1762224634,7864238395
1762225149,172910081
1762226244,4385619583
1762226347,7001866651
1762228894,4901387317
1762229219,2998744214
1762230721,6666338990
1762230921,4120482040
1762232813,1415309129
1762237415,4679104663
1762237466,1625526756
1762237520,2605486049
1762238995,4501907171
1762241751,7148721798
1762242825,5031077513
1762247486,3821019515
1762248855,7440219684
1762249455,824734588
1762250233,4432364302
1762250452,4925900813
1762251180,1481293154
1762251779,7909461866
1762251791,2344276497
1762251970,8728189128
1762253664,4002938779
1762256509,4335285707
1762260476,6682315291
1762261008,6008015718
1762261566,4680106051
1762262351,5149309489
1762263253,4514886910
1762263344,6443578409
1762265000,923753675
1762265160,58142742
1762268517,3359461563
1762268743,5041723528
1762269390,8116979055
1762270949,9421172317
1762271382,1534102295
1762272351,1069025369
1762275045,2407490791
1762276594,1871345411
1762276993,8535136190
1762277026,4584861653
1762278512,2973057994
1762280263,6838384509
1762282052,4056413224
1762282584,6485289572
1762284386,2921654560
1762285114,3771687467
1762290001,2849986434
1762291877,8879729266
1762292450,8957599658
1762294100,2347998171
1762296083,4325073636
1762296965,3750483649
1762298683,9980864575
1762299689,5022747610
1762300267,6849644337
1762302131,8628800530
1762302495,3771198102
1762303233,6910822147
1762304326,6905031898
1762304887,9338765134
1762305299,5967749051
1762306304,164221296
1762309200,3442750125
1762310125,3481666573
1762310233,7687169861
1762310942,8274400955
1762311022,6236402732
1762311257,3902308681
1762314539,1266923087
1762316791,6560891379
1762319655,9228009359
1762325748,741116574
1762327419,2908349510
1762330943,3027366530
1762333461,834559163
1762334998,6521145803
1762339585,1281367097
1762341027,8043367738
1762341262,2825594598
1762341682,9496679511
1762345287,5651338654
1762348026,3314597314
1762350248,9314922124
1762357335,4970763125
1762358962,538998176
1762363117,8804471253
1762365222,3365164108
1762367892,2043714969
1762368055,9810289693
1762368905,4880757965
1762371092,8822830109
1762372295,8083293362
1762372839,8985330287
1762373649,5188684878
1762374410,4738576349
1762375223,1949159113
1762375634,4786956753
1762376231,488617149
1762376863,4216051386
1762378269,195874745
1762378622,5085804893
1762379284,4630856306
1762380099,3221689229
1762380743,826318739
1762380876,7953775345
1762380929,9303533411
1762381314,3007850145
1762384258,9433917982
1762384352,3308725270
1762384433,6388767361
1762384579,143812605
1762387034,2385768598
1762387212,2590260906
1762387873,9722372272
1762388193,990263223
1762389493,7224831456
1762390283,5261274433
1762390497,4701982724
1762391683,5048499988
1762392440,9910575462
1762393104,6585307034
1762394000,7597970543
1762394394,8133138305
1762397471,1170393575
1762400065,463329143
1762401691,2297831397
1762402500,2780001464
1762403391,3649468356
1762406511,4556080698
1762406624,2794091134
1762407321,102422178
1762411668,9141967133
1762413877,6116808623
1762416967,5820670940
1762418728,4867962542
1762419207,2635079308
1762420338,8833414733
1762421532,6939642389
1762422208,9235663008
1762423119,1803566553
1762423382,5520728538
1762424739,7427470652
1762425112,7684354065
1762425502,2145328819
1762426702,6503881309
1762427263,4538105433
1762427902,4359393410
1762429356,7379360209
1762429937,120520340
1762437592,3708052879
1762440919,6052455490
1762441423,555087067
1762442734,9475647708
1762445458,2775967913
1762447084,9956766718
1762452515,3642071330
1762452922,8832393874
1762453104,9482107699
1762455276,5695853124
1762456895,5138378773
1762460361,2827228413
1762461004,3426932716
1762461641,819070190
1762461887,8196503719
1762462346,9471205173
1762463346,5054044866
1762463989,371387201
1762464288,9423916872
1762465752,3770276343
1762465999,1118443739
1762466126,1429843923
1762468408,7906474221
1762471309,4970211699
1762471601,215141765
1762471604,8987538534
1762472319,1512133470
1762473839,3349883931
1762474593,8209547970
1762475153,835066230
1762477568,5903894133
1762478939,8636893491
1762482149,4253159590
1762483123,7117174709
1762485093,1259199168
1762486320,8786816144
1762487049,9505772930
1762487517,912904084
1762489292,2713008392
1762496245,8109590141
1762501732,7133079343
1762501900,6496609630
1762503638,7535595965
1762512452,1328429101
1762512711,976029906
1762514617,4732862493
1762515138,7399604336
1762516929,896539793
1762517493,3402003138
1762517966,3597372985
1762521286,2764921665
1762526949,3235504350
1762527606,8193712129
1762530249,4887511095
1762531047,2773775417
1762532199,5359606919
1762536559,6814264220
1762539198,6358522010
1762539354,224592688
1762540770,8772303719
1762546092,7589039112
1762547982,2533078826
1762549222,1913781266
1762549914,3364486391
1762550622,4254493293
1762552012,28482583
1762552629,903040767
1762555254,7326052989
1762555324,5986588101
1762557736,7622413391
1762558316,2848559135
1762559517,7407457192
1762560572,9443366905
1762562132,9686265637
1762562597,869239564
1762562985,9578605267
1762563173,4401853110
1762563495,3224911708
1762565348,3189841136
1762573287,7105623215
1762575805,2221630311
1762579217,8220204043
1762579697,3887814364
1762580878,4426611403
1762581258,6719481259
1762583500,838785304
1762586112,2230191891
1762591191,5884921424
1762591959,3182159393
1762592627,8351108645
1762593861,668261108
1762595663,6984321902
1762596796,6738256292
1762599699,902184549
1762600052,1602989364
1762601668,9562228444
1762602089,9223112439
1762603601,7511757448
1762605818,865277046
1762607124,137793377
1762608085,6409563583
1762609302,9802390006
1762612343,5582970829
1762618868,7002070074
1762626397,6877924120
1762629283,2765570811
1762629712,7564247524
1762630180,9275208265
1762633377,6691369814
1762634343,7236581976
1762634479,3514606261
1762634791,2642159490
1762635083,9768910401
1762636239,1821933091
1762636591,6834597229
1762641336,1381601365
1762642067,4363579519
1762646663,9678814736
1762646805,4166611530
1762647681,4241328667
1762648025,2157324195
1762648841,8831875938
1762648897,9084327977
1762651573,307529498
1762653161,5606553271
1762653462,500087972
1762654264,3755043429
1762655437,3211769469
1762656095,3579807251
1762656211,6734987914
1762656246,6845420656
1762656729,4383985664
1762657415,5661443204
1762658105,5803944898
1762659228,541031045
1762659912,3244660785
1762661660,3604666314
1762661781,333356890
1762665911,1491092076
1762666059,8929130467
1762666920,7908270163
1762673103,9243067143
1762673168,3802253101
1762673539,7458258209
1762676250,8840521998
1762676787,6086961887
1762679557,8932231355
1762680341,7962949093
1762680850,5063549742
1762681212,7534023513
1762683722,4250870131
1762684872,8810550318
1762686963,8868746616
1762694647,9381397654
1762694878,4936185568
1762696280,9262066060
1762696893,6694041704
1762698577,3618364852
1762699025,8788083580
1762701916,5210879331
1762702724,7173081215
1762706693,7119401197
1762707704,2026678443
1762711534,6467670981
1762711800,6985216973
1762712270,2506877680
1762714633,5757269136
1762715034,960773775
1762715230,9452310279
1762715392,6995915914
1762715637,9003451484
1762716153,1609914586
1762717308,7510600497
1762717698,5051069637
1762719577,785103902
1762720228,7292233254
1762720240,8932290730
1762720723,1453450934
1762721832,1734504758
1762722541,3372272332
1762723169,5474264164
1762724858,826370332
1762728080,2212750381
1762731024,8542500181
1762732612,5065779298
1762733993,1792327325
1762735518,5172958892
1762739831,7851578430
1762740353,3626332864
1762740389,6505126388
1762740867,6919854588
1762741863,2661978145
1762742104,9834793320
1762743058,7853867
1762747309,2663709004
1762747977,739868580
1762748303,6056264265
1762750879,2250980988
1762756377,6478651504
1762756827,3323466511
1762757449,8148600662
1762762571,3544458711
1762762926,1730767153
1762766072,1915044053
1762766362,1228993597
1762767685,1469256819
1762767843,6984091437
1762768439,9409381925
1762771381,7792725573
1762771680,4666322758
1762771873,6543856370
1762772099,5296088982
1762772276,7279290502
1762772614,5135723507
1762777067,6516874760
1762778099,6914537818
1762779729,9487225013
1762779987,6938111778
1762780631,9048526573
1762780672,8984600105
1762783605,6330518717
1762785033,584828668
1762785195,1084980848
1762785203,684979670
1762786494,7031933589
1762786984,4948124181
1762787568,345975909
1762787724,7485697222
1762789260,1817688378
1762790785,5370835609
1762790837,7361863725
1762791659,2044931850
1762794274,2118406065
1762794383,3670039263
1762795535,4791872687
1762797849,7913114951
1762799810,2174554037
1762801909,5562866277
1762804317,8680754478
1762805301,7825839583
1762805515,3027090467
1762812479,4611621427
1762813045,4922440442
1762813318,9494050993
1762814314,2612396869
1762815806,2007974256
1762817407,3773609571
1762818232,675653663
1762818727,106313342
1762819585,1834907106
1762819862,3052828447
1762820918,9442655474
1762823446,8868655736
1762824118,4146802792
1762824220,1207288233
1762825595,1347835401
1762831287,5727884207
1762833421,9988061819
1762840000,9555297589
1762841773,5683572040
1762841908,4861604735
1762842299,8300438848
1762844360,8300306275
1762844955,510650370
1762848378,6244327188
1762850870,239613155
1762855200,1071713195
1762859718,1677755477
1762860352,6527802411
1762862487,1304824232
1762864091,9058082658
1762864958,9127996196
1762865264,6796971945
1762865980,2341185703
1762866905,1583306288
1762868758,8190662055
1762872488,6076777865
1762874050,5579981372
1762875693,1116068115
1762876161,2709745638
1762876312,4877542579
1762876924,5326346732
1762878853,4322877079
1762879312,2012639490
1762880527,2182713528
1762881037,3436088126
1762881231,9641228621
1762882216,5217236212
1762882371,4821607810
1762882898,51089614
1762883647,1520014683
1762883995,7607255942
1762884348,2305873056
1762886855,7394644138
1762887923,2826514210
1762888866,4896215030
1762889728,1128774954
1762890314,4809931437
1762890948,566740689
1762892156,678639265
1762894540,1457179952
1762894756,911676549
1762895380,9792799171
1762896060,1436003037
1762898800,8442656701
1762902269,5265810091
1762903307,2344386734
1762905283,8966743320
1762906398,5055389547
1762906408,7893091055
1762906643,9432221904
1762906909,5779205546
1762907277,8590996299
1762907694,251790131
1762907958,1844368134
1762908294,725723846
1762908334,3231722043
1762909551,4328758316
1762910103,9507553419
1762914098,2418892579
1762915693,2341371240
1762919704,942194899
1762925033,2398176200
1762926216,9480392668
1762926600,9291850284
1762931375,8513827111
1762934588,3745071281
1762935244,973200086
1762942555,4475413959
1762942697,8566056766
1762946719,2997113493
1762947505,5874799033
1762949370,5937607808
1762952244,5383695216
1762953628,2006240431
1762954854,1132893057
1762954926,2544267055
1762959421,8071261890
1762961328,8862440076
1762961400,869873071
1762962560,8086329244
1762963691,7792307803
1762964064,7329263411
1762968851,9226991977
1762970117,5745966753
1762971542,5210314403
1762973511,4972786949
1762975051,9380862374
1762975919,1768435732
1762976235,6209848104
1762976800,4000741130
1762977731,4453701835
1762978629,8172946813
1762981062,4734516682
1762981489,6150258122
1762982590,4504720693
1762983950,4115733095
1762987493,5581507715
1762988239,1364370688
1762989308,3380771764
1762989326,6146237743
1762989725,4739251818
1762990203,7928559147
1762991109,8058320862
1762992103,3385730555
1762992714,1399532228
1762993734,7758542641
1762994303,6013134341
1762994370,1533907076
1762995404,629807947
1762995544,4594407802
1762995636,6433575697
1762996464,97073167
1763000691,9700204964
1763001972,9257631930
1763002622,1646320442
1763002912,4386656346
1763004110,9989659367
1763009239,875694629
1763015038,1002388034
1763017573,3221826453
1763018819,6183504850
1763019124,3161583879
1763020857,455761829
1763021829,8552446082
1763021891,4115350395
1763024032,4408218928
1763026148,8203752963
1763030229,206996048
1763030497,5303569586
1763035254,3590756234
1763035722,2074325181
1763036389,9998703351
1763038264,9691742612
1763038509,3953326587
1763038713,7820323709
1763039095,6485787070
1763039635,8312500887
1763040144,9405483482
1763041548,9633409475
1763044182,6916399999
1763044783,9052701449
1763048693,7972464102
1763048932,7316439955
1763050991,9946990915
1763051227,9451544491
1763052791,6952885801
1763052857,2557099318
1763055622,8700564173
1763058004,8693232061
1763058220,4720856565
1763060686,2161118411
1763060788,1977799036
1763061129,3354464596
1763064129,766080179
1763065339,3480196219
1763066184,966565301
1763067526,4917060494
1763069041,4983117431
1763071024,1030122609
1763071214,3495613892
1763071258,1025181692
1763075070,7970210959
1763075862,4127027900
1763077485,8903393884
1763078854,7137303126
1763080331,6728049295
1763082697,6472328719
1763083450,6009215527
1763083635,3179544440
1763083943,6686844808
1763085098,2939992629
1763085131,5427936596
1763086023,7548487298
1763088931,685718178
1763093687,1710710655
1763094544,5916242454
1763095500,8844623505
1763097784,8799835867
1763097859,2941040139
1763098396,716265601
1763102439,2191283402
1763107853,6926800896
1763109316,5337389825
1763110999,2124682928
1763111716,1916813418
1763113392,268055309
1763113687,5832913781
1763114967,7980720718
1763116463,5810703518
1763116640,7456406518
1763120785,2740884452
1763121248,8767178686
1763121823,402555335
1763122267,1221779185
1763122915,2650149306
1763123042,3671377672
1763123235,5291483384
1763125567,4889652049
1763125801,3377278673
1763126471,9417613835
1763127509,4865670388
1763128018,9386581953
1763128882,8737706289
1763130341,3355274550
1763130810,8225422727
1763132903,8139144025
1763134330,6499157958
1763134530,4029219019
1763134857,7448883754
1763136053,8761571217
1763136094,2988873100
1763137155,7637454869
1763138293,376328612
1763138436,732722784
1763139436,6865257460
1763140195,6200354594
1763140940,4693434379
1763141576,3934684630
1763142196,4427324178
1763143587,9918054641
1763143610,4832856130
1763149621,2587234010
1763150452,712301215
1763150576,6043689611
1763150971,6188161058
1763151241,9028216276
1763153950,8807914792
1763155107,1404301086
1763155918,7225405709
1763158613,9287747866
1763158648,5408845837
1763159005,4959810012
1763159903,7151757637
1763160015,3377677813
1763160776,907870325
1763160970,2940058791
1763161625,6285732585
1763164859,6382393486
1763165100,8946102895
1763165344,9099024172
1763166135,7787762828
1763167526,9148659819
1763170971,8996865482
1763171649,8056776738
1763173147,2733167210
1763175154,3081964274
1763178813,3692307678
1763179758,9101782364
1763181097,7058053634
1763181527,7731431259
1763181650,1698189963
1763182033,1512311169
1763182137,9396132476
1763185375,3234105770
1763185425,3168623250
1763187484,5190534845
1763188806,65644218
1763188969,5653845401
1763195954,2577250577
1763196079,9708419897
1763196119,2350604597
1763199316,3884720512
1763199490,2180617265
1763200820,8643382813
1763201758,64280175
1763204687,1615450938
1763205242,4068188122
1763209637,4938088906
1763211392,7324777830
1763211407,1798018585
1763214658,4992223751
1763215957,9049129643
1763218132,173821048
1763218181,9647191869
1763219489,5276035127
1763221145,17193561
1763224591,2809154124
1763225109,5449371967
1763228871,9604170822
1763230802,4569326599
1763234329,9105613920
1763235424,1282188607
1763235833,6773794077
1763237625,7346222321
1763237835,1619005581
1763237900,1898938580
1763237908,8773632282
1763238024,3466937751
1763238045,3602060436
1763238360,3685461883
1763239054,9049058438
1763244022,9800574910
1763246895,9177281149
1763246956,949615523
1763248330,248017328
1763248672,2436046901
1763248768,79397627
1763251386,2448450604
1763252069,295208003
1763252820,820734821
1763255396,7171827176
1763256079,561218794
1763256135,4832131819
1763256476,9122863422
1763257488,9201757162
1763258557,1510679848
1763258754,1699234386
1763259716,3709684843
1763261405,6296650497
1763264218,4186345592
1763266277,2287367155
1763266593,9770117008
1763269689,8471447645
1763270927,7942650744
1763271231,6305289031
1763271462,536322087
1763275513,5779998447
1763278658,7667943842
1763283881,304268887
1763284566,9266163668
1763285581,9192131926
1763286124,4752451081
1763286458,1302870151
1763287582,7290267005
1763289487,8626343760
1763290608,1834514191
1763290929,7995029821
1763291114,3110873076
1763292383,7842783299
1763293632,9076160197
1763295901,7026828845
1763296977,6952727077
1763298074,3079513737
1763298593,8822196794
1763298943,9683568952
1763301189,3597759401
1763306363,1514677501
1763306500,6697972312
1763307861,9693423949
1763309786,5013209632
1763310231,2347174810
1763314048,1920735284
1763316134,879158940
1763317391,5109343724
1763317896,941722138
1763318042,7136609031
1763318545,8757103911
1763318593,7397624380
1763318825,9652814539
1763319338,7973722100
1763319494,9342575491
1763319524,4648919228
1763320444,183570872
1763321331,8798267242
1763321462,1730657395
1763324958,5134714107
1763325709,7486488775
1763326127,8897059266
1763326285,1545752842
1763326800,9891428122
1763328147,2939100341
1763328212,5842516090
1763330148,1875452864
1763331109,2926043567
1763332872,4750745397
1763333508,9832984897
1763333527,769761110
1763335173,3765992413
1763335917,4440444725
1763338808,7820388121
1763339814,1929389507
1763344111,1891792321
1763344856,2129694894
1763350031,8572391973
1763360108,3884508596
1763361696,462479150
1763363533,8581021133
1763368169,6622160581
1763369258,1695489465
1763369759,113941078
1763373417,6944159982
1763377678,9336125422
1763378120,3640546639
1763378283,3514205905
1763378350,879259119
1763379004,7071415747
1763380303,667302723
1763384287,8467416726
1763386592,7251415810
1763387937,608147468
1763388218,9789938244
1763389239,392699346
1763390247,1415087036
1763392456,4001462599
1763393765,3461769118
1763394322,4327682275
1763394772,5991336520
1763397128,6426799471
1763397774,9876855506
1763398898,8550409434
1763400144,7955710903
1763401225,9713443912
1763401262,3855322038
1763406712,6686271924
1763407533,7584364284
1763410965,4853507137
1763412189,6765391148
1763414371,6157394088
1763414466,7297737488
1763414509,5081774601
1763415572,6032715618
1763415819,9727677834
1763417328,1709969602
1763418335,3058260200
1763421738,8743608188
1763423313,7622707181
1763423335,9224037828
1763425017,2132397604
1763426887,3403805763
1763426909,2676186056
1763427410,3349967192
1763428196,7837341313
1763428314,5918077651
1763429786,3294507156
1763430344,5172351068
1763430898,8907845179
1763433438,5768605933
1763436419,3054255229
1763438697,9717501042
1763445402,8093686952
1763446339,3776077338
1763447092,2299664302
1763448466,1381078738
1763448671,7940142889
1763455730,8807443249
1763458908,129926646
1763462518,8588202689
1763463521,9989083597
1763463571,5660040908
1763464128,667141490
1763465053,1158735607
1763467539,8916381854
1763467794,594851080
1763468137,4908139430
1763469759,2407920856
1763470630,3713687267
1763470995,1131783001
1763472033,759261325
1763473084,3310443784
1763478961,6412760799
1763480238,7440959806
1763481112,9960305246
1763481785,3855145075
1763483245,2697718244
1763484231,214985275
1763487131,9354729192
1763487372,5478735123
1763487495,8541532372
1763488542,6526410663
1763488881,4655538468
1763490640,8882503895
1763491990,9969225126
1763492447,9501045670
1763494104,5416009506
1763494321,1718640591
1763495275,2664277140
1763498655,5877017771
1763501777,2549324629
1763504085,5188981492
1763505985,7577689744
1763506190,7383365260
1763506482,5241110124
1763508263,8830036791
1763509916,4089257709
1763514180,6332345412
1763515888,2442516852
1763518031,1049026192
1763521404,3334506681
1763522186,5488841086
1763523889,1607308407
1763524624,8379624124
1763524833,1884824135
1763526886,3002515840
1763527904,8533205644
1763527941,864607778
1763528941,6694370975
1763529885,6776995381
1763533471,118816609
1763536431,815751664
1763538762,6138055504
1763539239,6782674927
1763539797,9718071186
1763543553,1862484175
1763544031,8011561897
1763544098,9937818585
1763544882,9466843371
1763548000,1720189300
1763548442,6608214215
1763548866,9982665048
1763549149,3766956911
1763556281,6835628660
1763562490,3340759040
1763563976,5893810253
1763564526,6874284823
1763568031,3020826510
1763568989,7627268573
1763570468,2088506310
1763573559,5971775779
1763575978,3917158871
1763576769,7618021617
1763577866,4332506488
1763578406,3489302624
1763578678,6727480508
1763580456,3562900793
1763582129,2575487414
1763582250,1341055566
1763584693,4391635563
1763589380,4675700589
1763590437,975321708
1763590454,291657266
1763591707,4581398081
1763593548,7007634137
1763595174,5127159683
1763595556,8467589151
1763597042,538760505
1763597398,3991238991
1763597623,6893783367
1763599424,5079914270
1763600065,9353335552
1763600363,7955018849
1763600572,93013087
1763601514,825317363
1763606873,3999483269
1763609125,4697242675
1763614065,6851077356
1763614558,6978320773
1763617156,3850518806
1763618956,2496631818
1763620891,7180260109
1763622710,1421040954
1763624213,387227714
1763625302,4874232824
1763625319,1575602050
1763629788,182747384
1763631087,8342220455
1763631932,8727352885
1763632583,6878974618
1763634070,1711356753
1763634690,711344795
1763635684,6746895134
1763635763,329246510
1763636017,1771499053
1763638993,1881350025
1763640182,3275655977
1763644942,6432152288
1763645824,8665607325
1763647042,5118341317
1763649244,2918353747
1763650978,7034674225
1763651661,6070722399
1763655006,9928869287
1763656142,9399615575
1763656439,7033299892
1763659984,2392976682
1763662621,8379866655
1763663664,2620973892
1763664950,3551539429
1763665291,1235478822
1763665828,2894430301
1763665912,9882637622
1763670261,4205469665
1763673857,7965157605
1763674385,8366852558
1763674698,9992784700
1763674895,8323875035
1763675726,1421607714
1763677152,7077940
1763677309,585606506
1763678679,9979672789
1763679282,6343367754
1763680413,7213218116
1763683784,3586504697
1763684959,9165385431
1763685434,535461148
1763685614,9052505116
1763686519,8762117854
1763688247,9072958236
1763688283,5354077507
1763688877,4911789682
1763689290,1770808488
1763690989,3303847705
1763692041,9128067469
1763692378,8378297439
1763693946,3249230597
1763694747,7892965075
1763697440,9410862314
1763697689,7658809930
1763697774,6091589409
1763698907,2792475778
1763699333,9980199678
1763701666,4280440010
1763704569,9501977867
1763708753,1429469355
1763710332,7534878963
1763710616,687636379
1763713533,6733231765
1763713669,629076615
1763715161,3330401109
1763718933,3622133530
1763718934,7871386146
1763719201,6403101298
1763721891,2429992234
1763722716,5311183238
1763723700,29939310
1763726086,9328352795
1763726844,6859047246
1763727474,9111985567
1763728999,2491114235
1763729033,4474027024
1763730090,9467622263
1763730627,3531949046
1763731550,817846604
1763734348,1525074830
1763735289,5232354289
1763736960,260263425
1763738436,4815813291
1763744967,2911028293
1763749077,2186690405
1763749328,3378135279
1763750332,9289543464
1763750519,9591667394
1763751870,2614854739
1763754072,1799041553
1763755023,9885695449
1763755528,2803361637
1763755733,9093504455
1763755859,4206126366
1763756194,2120048606
1763756718,162627160
1763756938,8216793720
1763757100,6179130221
1763758416,3585883969
1763758860,1519006843
1763759602,2880364884
1763761205,1961933975
1763762706,2782382763
1763764227,5201479485
1763765958,1822110742
1763766674,361513738
1763767850,5424067939
1763768524,9243476136
1763769292,9227789621
1763772909,4683750264
1763775161,5498834045
1763777812,6114174593
1763779182,2860269214
1763784485,6920501466
1763785502,5128265828
1763791786,2712710956
1763792625,8197706565
1763793386,1903144114
1763797576,6172596645
1763798780,3168269599
1763800769,9435977684
1763801754,8087301479
1763802426,1787765691
1763802738,8550949907
1763803717,3377034654
1763813068,2274956205
1763815708,448953120
1763815971,8207135646
1763818448,4590644087
1763819163,8456178570
1763820156,1547667662
1763820477,1220865574
1763821665,6824886599
1763823353,9742090470
1763826107,4175357569
1763828511,9254009064
1763830048,130475606
1763830606,5739493403
1763833316,6507599862
1763834233,7150146342
1763834261,9060798579
1763837544,1715270840
1763838082,4227862187
1763838420,3519339763
1763839063,5697554867
1763839110,6516176176
1763839840,5378166982
1763840712,8434997916
1763840881,7224894709
1763841338,6447775331
1763841382,6052995468
1763842784,1596431585
1763843308,3686442674
1763843695,161039564
1763843923,2403107194
1763845770,942929784
1763847978,3296237705
1763850284,6998174024
1763850645,6247000381
1763851017,2352347790
1763852488,1621843752
1763854184,104507834
1763855803,5240692441
1763856794,9323505356
1763857119,7186109106
1763858276,137436969
1763858339,3855762186
1763858401,2204153384
1763859349,466746510
1763859679,3436823765
1763859863,7201612684
1763860013,23829759
1763862561,7324809030
1763864524,9051523465
1763865293,6577416984
1763865357,9344926912
1763868788,6027872078
1763870554,3310612516
1763873013,663155684
1763877704,5691391453
1763878254,8635654961
1763878372,714565764
1763880887,6090334085
1763881480,178709400
1763886430,2795431675
1763893188,925685801
1763895925,5399966205
1763896734,912562628
1763904104,6308952744
1763904119,4995702368
1763905257,7694162858
1763905577,6496997442
1763906814,9460758893
1763908045,2561311265
1763908218,3860333742
1763909323,8439768161
1763914114,2132898928
1763915607,1952838737
1763922252,533245504
1763923035,5327832322
1763925614,1564865717
1763925817,5634942081
1763926691,751540506
1763927259,7074545596
1763927789,8394288893
1763927997,5631169847
1763928438,8520634188
1763928691,5564987504
1763930508,9298234209
1763931233,2322126568
1763932761,4953748303
1763934584,1982695970
1763935710,2474850624
1763936195,2517215662
1763937780,4488638624
1763937835,6269683816
1763938149,7574982268
1763938838,6178697388
1763938842,3151665587
1763939087,5537845714
1763939848,1231254877
1763943808,347058252
1763945681,6577076334
1763947805,3220386567
1763947906,6025260849
1763948029,8100030567
1763948096,3379469766
1763948807,726583338
1763950503,3617902305
1763953074,2525342595
1763954557,1157540699
1763956204,613449670
1763956304,6224990498
1763958636,2619970186
1763959006,8977699649
1763963090,5747670251
1763964972,8873602123
1763969302,1659681878
1763969326,5446944852
1763973664,7418974938
1763974798,2729289449
1763975875,8736798763
1763976110,3342404431
1763976312,3458386815
1763978835,4706633750
1763979425,8001598914
1763980260,2165923801
1763981530,3357762027
1763987684,6923828244
1763988132,2713080499
1763990428,5865190175
1763990873,8574920524
1763991532,7138564762
1763991702,2160069178
1763994196,1352665830
1763997714,976051625
1763999389,6714251059
1764000477,8933239529
1764002962,6203599226
1764004792,5211939759
1764005175,6677493111
1764008202,4642624217
1764009980,5122596045
1764010194,8544229041
1764010303,858801554
1764013090,402215493
1764014473,4446789511
1764014555,1218853919
1764014675,8125437881
1764015472,8872547604
1764016278,9435893523
1764019172,7028895264
1764020250,5076868217
1764021797,3175071153
1764021839,3707743857
1764023115,5927429954
1764023825,8255636323
1764024541,1130867692
1764025031,8081265940
1764027604,160561211
1764028708,2117282752
1764029527,3807911971
1764029638,1043321906
1764029773,5951554883
1764029774,6916451664
1764030047,4645640803
1764036475,2932766670
1764038850,4246267770
1764042302,5735450794
1764042866,2219317271
1764045854,9452739963
1764049306,9599738988
1764051627,253118352
1764052154,8170127646
1764056686,6440753257
1764057501,5107466943
1764057667,1273823162
1764058815,7894558595
1764059720,8361499902
1764060152,2632157141
1764062711,2883206700
1764065874,5466022420
1764068752,4887724617
1764069220,523222422
1764072089,3229856176
1764072145,8374889398
1764072626,1041314695
1764074342,7532191931
1764078294,3270783787
1764080672,5955985027
1764082337,6029325034
1764085214,9904643568
1764085417,1304652837
1764086615,4571811034
1764091202,5728309359
1764092465,8238727294
1764092571,7021674524
1764093735,4109636423
1764094305,2871982090
1764094628,3385308185
1764095829,8077151082
1764098855,6074166479
1764098974,8507659526
1764099874,7659823550
1764100163,2412318620
1764101855,8030303059
1764102730,2787832499
1764102858,4509046504
1764103326,962805180
1764103651,3839165377
1764106391,6464631594
1764106540,7316948160
1764107413,3097604648
1764108658,7952542759
1764108676,5630066803
1764110749,1032797383
1764111666,1243250125
1764112934,4595285678
1764113652,6866865525
1764114473,3503964266
1764116035,4039811139
1764119478,4475686844
1764120708,7763053583
1764120754,4895875878
1764122577,54324225
1764123069,6577329927
1764123849,6833332736
1764124997,6736934300
1764126338,9145894474
1764128662,7709459862
1764131221,6403379229
1764132861,2952292770
1764132890,5810422178
1764134082,2481422406
1764135870,1594911230
1764136231,7048008075
1764136325,5952233025
1764140656,5704314708
1764141815,1116098159
1764144212,8576302269
1764144215,9873408546
1764144331,7600411707
1764145527,1653422210
1764146044,2429294050
1764146935,7623087274
1764147896,1748862201
1764157544,8058307247
1764160198,6577482420
1764164973,9519403978
1764167813,2492531226
1764171501,7273251740
1764174951,1036103714
1764174988,9651363221
1764175589,8523957386
1764175715,1246906243
1764176670,6680453418
1764176952,9722317415
1764177799,2571494361
1764177914,6250258664
1764178967,9536383829
1764179312,8575651216
1764181882,9873940633
1764184244,1487944462
1764185326,7032937712
1764186539,5337187707
1764188275,2982484743
1764188468,3331582314
1764188892,4047361594
1764188921,5649691652
1764188938,9941756931
1764190165,1759881398
1764191221,2197672038
1764193155,6631794245
1764194128,6764775788
1764194128,7799674561
1764195161,7177197037
1764196570,1943270134
1764196788,6899629771
1764197242,4514739197
1764198237,5735945248
1764199004,7902471733
1764201415,5568153783
1764202915,991012631
1764202956,1185089815
1764203445,3796791381
1764207744,9267482322
1764208327,4916832039
1764209254,9929796908
1764210277,1768875133
1764210817,1339659349
1764217745,3360665724
1764218025,8721709987
1764218119,7847011932
1764218851,7847011933
1764219383,2066294216
1764221403,7774222349
1764222520,4518326112
1764228962,7583742912
1764232133,6359397501
1764232290,5562936209
1764235463,4147692655
1764235650,3134210590
1764237471,8829089306
1764239788,9525755607
1764239863,1500698768
1764240072,9236269856
1764241169,737237967
1764241728,194226458
1764242666,15764679
1764242868,5812975400
1764246602,5517256654
1764247173,67211265
1764247253,2261458325
1764249745,6205958015
1764250327,4248111982
1764250494,1929609608
1764252065,9787069251
1764253558,6041307595
1764255295,5974959486
1764258351,186598351
1764260079,1699319413
1764261415,2718376545
1764261914,8420444054
1764268587,176735559
1764268987,9989815427
1764270845,8927594526
1764271459,1749113948
1764273566,8644851251
1764274977,7444399240
1764275805,8622313213
1764277890,9826867170
1764281579,1688511769
1764285440,6027540014
1764285573,8395010797
1764286219,9207623974
1764286786,4455281102
1764287920,4074668151
1764288396,6820796166
1764288810,3377187462
1764291147,7509773855
1764294480,5137828069
1764295353,6359643746
1764299387,9441113837
1764301078,4145276896
1764302271,4076932991
1764305495,5007913433
1764306007,3941577730
1764306329,7894230836
1764309210,6319160602
1764310371,1365733891
1764310638,5803086421
1764316217,4072721997
1764322511,9587315475
1764325816,5014661570
1764328318,8190395834
1764328401,2543412553
1764329585,2566898339
1764331779,8276227160
1764332160,3956991995
1764333403,2770995548
1764336296,4436827622
1764337134,917956360
1764339988,7558144674
1764340764,5145644532
1764341924,4635029498
1764344413,6118746778
1764346806,1487344788
1764347344,9003837342
1764349210,3829572630
1764350328,2958201863
1764351080,174880999
1764351096,4325762361
1764351263,4654924398
1764351263,6769705813
1764355917,8079135077
1764355925,6547377246
1764356065,8687110867
1764357684,5321169909
1764357910,3858810479
1764358828,6965983918
1764363548,3666842991
1764364350,142041438
1764366050,2933006857
1764366337,8869838499
1764366440,7627805360
1764368187,8592327793
1764369231,2693255933
1764369727,6255581020
1764370849,653380366
1764371231,8382131937
1764371543,5159601767
1764371921,7919789516
1764372186,1186898274
1764372468,5711165274
1764372468,4232233563
1764373956,6681024212
1764374970,3038255637
1764375137,7481407465
1764377773,6348718702
1764378440,5166507128
1764378648,8735344511
1764378737,2924100795
1764379888,9566321140
1764380316,9818658758
1764381434,7557265557
1764381788,4085587014
1764382003,1262261070
1764383044,7097662288
1764386736,2008812294
1764386866,8274489668
1764389331,5491456749
1764393865,4143094723
1764395888,9687724803
1764400612,5778298810
1764401566,6184992338
1764405126,3940406475
1764405468,5148626040
1764406835,2398893484
1764408521,1060369203
1764409439,5538662435
1764409912,7164737296
1764411381,8503227275
1764414901,7896338445
1764417023,880922432
1764417847,7804588963
1764418113,7650949997
1764420451,7108713683
1764421420,8759189732
1764423422,2661072199
1764423976,3423793115
1764426853,2059730119
1764428948,3615847286
1764429577,4643210697
1764433387,8215921397
1764446462,581242912
1764447134,171141894
1764448190,8959066180
1764448448,2452700863
1764449055,4323646069
1764449181,4461568375
1764454721,9455850697
1764454865,5528111090
1764455787,5061302840
1764455906,61472595
1764457688,7884224457
1764458920,2735169797
1764459193,1236929349
1764460563,8492973698
1764460799,599501057
1764462338,6936234409
1764462599,4911100338
1764462827,5659984092
1764463657,8843368580
1764464169,3226566194
1764464377,6446356412
1764465003,9919334072
1764466496,1617973745
1764466809,9544949780
1764471351,5054162633
1764475055,986054004
1764477805,5119572043
1764486470,4095749553
1764486678,3337041460
1764488623,6528755755
1764488791,6533108877
1764489076,477996995
1764490659,752233164
1764491590,8367943695
1764491873,2975685403
1764492246,1421943051
1764492669,5252673275
1764492698,2713871897
1764492767,8990460576
1764492891,8342038496
1764493360,5031856699
1764495356,485463912
1764496167,6419025725
1764498547,3411039657
1764498767,123305412
1764503420,155727242
1764507006,8549768318
1764507224,368906485
1764507658,7406353281
1764508497,9502275497
1764508629,6408943027
1764510660,5693536707
1764511907,159174598
1764516725,713625706
1764517008,2344791953
1764518054,224264162
1764518338,5687828588
1764519430,8057930010
1764521004,9707057439
1764522707,7296090574
1764525377,7527614901
1764528896,6198044823
1764530173,7880887781
1764532662,4987955680
1764534933,7693146612
1764534946,2633498164
1764537203,6299707970
1764537533,1290979724
1764538496,4651306224
1764540029,4566075508
1764543705,244673391
1764543885,2877464022
1764545537,7645358440
1764546797,8327208558
1764547163,7362172393
1764547790,819327351
1764548563,4825788589
1764549540,5981148917
1764549740,6812646269
1764550883,5105251805
1764550992,4314141502
1764551552,7179536538
1764551971,3628833906
1764552283,1406744179
1764553054,9727793523
1764556406,9333280634
1764556828,2891712879
1764558726,6183820345
1764558921,5729907485
1764559659,5580242277
1764562287,7762233080
1764562889,6421916198
1764565950,9510182016
1764567984,3256512938
1764570451,5959555175
1764573570,4017814301
1764574679,6200686769
1764575495,2885904311
1764583280,6812548629
1764584992,4007461204
1764585454,4493292524
1764585494,5302443502
1764585712,7295507401
1764585725,2965986483
